,tradFr,ratingUser,scoreText,scoreTextFrGT,scoreEngCom,diff
0,"Les pizzas sont excellentes, leurs prix sont extr√™mement abordables compte tenu de la qualit√© (compter environ 11‚Ç¨ pour un 34cm) Le personnel est vraiment agr√©able et leurs services sont impeccables Se contenter de couper les pizzas lorsqu'il s'agit de commandes √† emporter serait un plus Je recommande vivement",4,0.41000000000000003,0.38249999999999995,0.862,0.02750000000000008
1,"Super pizza, personnel sympathique! Recommande fortement.",5,0.3625,0.38,0.8856,0.017500000000000016
2,"Quel plaisir de d√©guster de bonnes pizzas. Cette pizzeria est l'exemple m√™me de la qualit√© en termes d'accueil, d'organisation et de produits.",5,0.3125,0.3125,0.765,0.0
3,"Je viens ici depuis des ann√©es et je n'ai jamais √©t√© d√©√ßue ! Que ce soit sur place ou √† emporter, le service est au top ! J'ai toujours √©t√© bien re√ßu, les plats sont tous excellents et l'√©norme choix de pizzas est toujours aussi agr√©able ! Les prix sont plus que raisonnables et m√™me quand j'ai eu un probl√®me avec une pizza trop petite pour moi, on m'a propos√© de la changer directement ! Une adresse incontournable √† P√©ronnas, foncez sans r√©fl√©chir !",5,0.07619318181818181,0.08755681818181818,0.9163,0.011363636363636367
4,"Quantit√©, prix, qualit√© et convivialit√©... bravo !",5,0.5,0.5,0.6588,0.0
5,"Tr√®s bonnes pizzas rien √† redire, 1 bon accueil service impeccable",5,0.7999999999999999,0.7999999999999999,0.8808,0.0
6,Agr√©able halte pour d√©jeuner. Menu de pizza extra complet et bien d'autres choses propos√©es.,5,0.3366666666666666,0.25749999999999995,0.5106,0.07916666666666666
7,Cadre sympa et pizzas tr√®s bonnes. Les salades de mes coll√®gues √©taient tr√®s g√©n√©reuses. Je vais certainement revenir.,5,0.6675,0.5750000000000001,0.9059,0.09249999999999992
8,"Nous avons toujours √©t√© tr√®s content de nos pizzas que nous prenons r√©guli√®rement chez pizza d√©lice mon mari et mon fils changent r√©guli√®rement de pizzas je prends toujours les quatre saisons avec l'artichaut ce qui me va bien et aujourd'hui j'ai eu envie de changer et de prendre une Languedoc et j'√©tais tr√®s d√©√ßu pizza aux fruits de mer sans go√ªt c'est pourquoi j'ai mis 4 au lieu de 5, normalement j'aurais mis 5 sans avoir go√ªt√© cette pizza.",4,0.0,0.0,0.4019,0.0
9,"Tr√®s bonne pizzeria, elle porte bien son nom. car ces pizzas sont un d√©lice, d'autant plus qu'il existe des pizzas pour toutes les tailles et tous les go√ªts. Vraiment je recommande ce restaurant qui vaut vraiment le d√©tour allez y les yeux ferm√©s ils sont excellents et ma√Ætrisent parfaitement leur sujet",5,0.23500000000000001,0.24409090909090905,0.961,0.009090909090909038
10,"De bonnes pizzas avec beaucoup de choix, 50 cm bien 50 cm ü§£",5,0.26666666666666666,0.26666666666666666,0.802,0.0
11,Petite halte sur le chemin de notre retour nous avons √©t√© agr√©ablement accueillis et avons tr√®s bien mang√©. Excellentes pizzas !!,5,0.2953125,0.2953125,0.8822,0.0
12,Super rien √† dire qualit√© et prix et bienvenue √† refaire,5,0.55,0.55,0.7845,0.0
13,Des pizzas pour tous mes go√ªts. Bon et √©norme. Tr√®s bonnes p√¢tes √©galement. Une bonne petite pause.,4,0.48142857142857143,0.44857142857142857,0.8805,0.03285714285714286
14,"Une tr√®s bonne pizzeria avec des produits au top, un accueil chaleureux et un service agr√©able. Les pizzas sont bien garnies en produits frais √† des prix abordables, je le recommande vivement....",5,0.43,0.37857142857142856,0.9544,0.051428571428571435
15,"Tr√®s bonne pisse, accueil sympathique. Bonne soir√©e. Satisfait.",4,0.675,0.6499999999999999,0.9058,0.025000000000000133
16,"Une pizza m√©diocre remplie d'huile !!! Certes le prix est bas mais la qualit√© est inacceptable ! Soit trop d'huile, soit trop sec !! Evitez absolument la pizza burger",1,-0.0020089285714285842,-0.04218750000000001,-0.8503,0.040178571428571425
17,Tr√®s bon accueil sympathique et plats tr√®s vari√©s et tr√®s bons budgets moyens,5,0.316,0.36333333333333334,0.9206,0.04733333333333334
18,"Le choix des pizzas et elles sont tr√®s bonnes. D'autres plats comme les escalopes milanaises, les coupes du boucher... de bonnes salades et le personnel est tr√®s accueillant et attentionn√©.",5,0.454,0.3275,0.7956,0.1265
19,"√âtant un client r√©gulier, c'est un plaisir d'y aller.",5,0.125,0.125,0.5719,0.0
20,"Accueil sympathique Service rapide, grand choix de pizzas √† des prix raisonnables.",5,0.3625,0.3625,0.7351,0.0
21,On mange tr√®s bien et les patrons sont tr√®s gentils,5,0.3666666666666667,0.4,0.669,0.033333333333333326
23,"Une longue attente mais surtout pas de calme, on ne s'entendait pas parler... Vous pouvez manger leurs plats mais pas manger chez eux.",1,-0.25500000000000006,-0.17,-0.3491,0.08500000000000005
24,Super service et les pizzas sont vraiment tr√®s tr√®s bonnes et bien garnies.,4,0.5666666666666667,0.5666666666666667,0.8806,0.0
25,"Les pizzas g√©antes sont vraiment g√©antes ü§ìüòÆ, bonne pizza, bel endroit. J'y retournerai avec plaisir...",5,0.325,0.37,0.683,0.044999999999999984
26,Tr√®s bien merci,4,0.15,0.15,0.6335,0.0
27,Beaucoup de choix et excellent rapport qualit√© prix,5,0.3,0.3333333333333333,0.7269,0.033333333333333326
29,"Tr√®s bon accueil, c'est de la bonne pizza üçï.",5,0.85,0.85,0.8545,0.0
30,Les pizzas mais aussi les desserts sont d√©licieux et l'accueil au top !,5,1.0,1.0,0.9108,0.0
31,Service tr√®s bien tr√®s bonne pizza une belle terrasse que demander de plus,5,0.4875,0.4875,0.8898,0.0
32,Personnel amical et professionnel. Tr√®s bonnes pizzas.,5,0.4625,0.4375,0.7501,0.025000000000000022
33,Tr√®s sympa avec de bonnes pizzerias parking un peu juste ci plein restaurant.,4,0.42375,0.38375000000000004,0.7397,0.03999999999999998
34,A pris la pizza du distributeur automatique. Large choix disponible √† prix tr√®s raisonnable et un d√©lice. Je recommande et reviendrai.,5,0.21250000000000002,0.21250000000000002,0.7506,0.0
35,Les pizzas sont d√©licieuses !,5,1.0,1.0,0.6114,0.0
36,Tr√®s bien mang√© et l'accueil vos 5 √©toiles,5,0.0,0.0,0.659,0.0
37,Les pizzas sont bonnes et l'accueil chaleureux !!,3,0.85,0.584375,0.8118,0.265625
38,Toujours aussi sympa,5,0.7,0.2,0.4754,0.49999999999999994
39,"Tr√®s correct pour le prix, la qualit√© est l√†.",4,0.4400000000000001,0.6000000000000001,0.0,0.15999999999999998
40,"Pizzeria au top, ils ont 2 tailles de pizzas",5,0.0,0.1,0.2023,0.1
41,Super accueil et bonne bouffe !!! üòã nous serons de retour en famille pour un autre super moment !,5,0.72875,0.6187499999999999,0.9379,0.1100000000000001
42,"J'aime beaucoup ‚ô• ce restaurant, le personnel est accueillant et souriant. On s'y sent bien et surtout on est tout de suite √† l'aise. C'est tr√®s propre. Les plats propos√©s sont excellents et bien pr√©sent√©s. On n'attend pas trop longtemps, le service est parfait. Je recommande cet endroit si vous passez par l√†, vous ne serez pas d√©√ßu.",4,0.33382352941176474,0.3338235294117647,0.9867,5.551115123125783e-17
43,Tr√®s bonnes pizzas ! Accueil tr√®s correct malgr√© l'affluence.,5,0.6666666666666666,0.6666666666666666,0.7759,0.0
44,Tr√®s bon √©tablissement,5,1.0,1.0,0.4927,0.0
45,C'est un d√©lice,5,0.0,0.0,0.5994,0.0
46,"Toujours aussi bon, vraiment la meilleure pizzeria de la ville",5,0.85,0.85,0.8115,0.0
47,Resto tr√®s bon et copieux,5,1.0,1.0,0.4927,0.0
48,Excellentes pizzas et top manager,5,0.5,0.5,0.6705,0.0
49,"Pizzas excellentes, service et personnel au top !",5,0.28125,0.28125,0.6996,0.0
50,Tr√®s bonnes pizzas beaucoup de choix pour pas cher. Je recommande.,5,0.43333333333333335,0.35125,0.6901,0.08208333333333334
51,"Au top, je recommande √† 100%, juste des patrons exceptionnels, des pizzas extra...",5,0.21000000000000002,0.2066666666666667,0.5106,0.003333333333333327
52,Bon accueil et tr√®s bonnes pizzas,5,0.85,0.85,0.8439,0.0
53,"Service rapide, employ√©s courtois et pizza divinement bonne",5,0.4166666666666667,0.4166666666666667,0.8779,0.0
54,"Les meilleures pizzas du coin, servies avec le sourire !",5,0.4525,0.4525,0.7901,0.0
55,"Un accueil irr√©prochable, des pizzas de petite taille pour les gros mangeurs. Allez y sans r√©fl√©chir vous ne serez pas d√©√ßu !",5,0.15333333333333335,0.19999999999999998,0.7046,0.046666666666666634
56,Prix ‚Äã‚Äãun peu cher pour les garnitures de pizza un peu faible mais tout reste de tr√®s bonne qualit√©,3,0.2355,0.2355,0.5775,0.0
57,"C'est la premi√®re fois que je commande une pizza √† un distributeur automatique, je peux vous dire qu'elle a fini √† la poubelle. C'est plut√¥t un chewing-gum, le go√ªt je n'en parle m√™me pas, fade et r√©current comme jamais. La pire pizza de ma vie, je ne recommande pas !!!.",1,0.19151785714285716,0.0007812500000000111,-0.6478,0.19073660714285715
58,Excellente valeur.,5,0.45,0.5,0.7269,0.04999999999999999
59,Un restaurant avec un accueil exceptionnel et une qualit√© √† recommander,5,0.30000000000000004,0.30000000000000004,0.624,0.0
60,Pizzas excellentes et personnel sympathique,5,0.275,0.3833333333333333,0.7845,0.10833333333333328
61,"La pire pizza de ma vie. √âtant un grand amateur de pizza, je peux facilement en manger 2 en temps normal. Chez Pizza Des Lys impossible d'en finir une.",1,-0.10750000000000001,-0.10750000000000001,0.2732,0.0
62,Trop bonnes pizzas. Patronne tr√®s sympathique. Pizzas √† emporter. Vive le room service !,5,0.675,0.5625,0.7707,0.11250000000000004
63,Accueil üëçpizza üëçprix üëçtr√®s bonne pizzeria,5,0.7,0.7,0.4404,0.0
64,tr√®s professionnel et d√©licieux,5,0.405,0.6000000000000001,0.6077,0.19500000000000006
65,C Bon un repas que j'ai beaucoup aim√©!!üòãüòã,5,0.428125,0.39999999999999997,0.7634,0.02812500000000001
66,"Impeccable, les pizzas sont bonnes. J'ai command√© en ligne et c'√©tait pr√™t √† temps.",5,0.5133333333333333,0.5133333333333333,0.6597,0.0
67,Trop bonnes pizzas,5,0.35,0.35,0.4404,0.0
68,Bon repas,4,0.7,0.7,0.4404,0.0
69,"Personnel sympathique, pizzas d√©licieuses!",5,0.4166666666666667,0.5499999999999999,0.8016,0.13333333333333325
70,"Pizzas toujours au top, accueil tr√®s chaleureux quand on y va, super livreur quand on se fait livrer, bravo √† l'√©quipe ! Tout le monde sourit et rit, on ne voit pas √ßa partout. Il y a de quoi mettre un misanthrope d√©prim√© de bonne humeur.",5,0.619,0.59875,0.9655,0.02024999999999999
71,"Bonne adresse, service rapide et efficace. Grand choix de pizzas faites avec de bons ingr√©dients. Je recommande.",5,0.44166666666666665,0.44166666666666665,0.9349,0.0
72,"Nous avons command√© 3 pizzas ce soir, elles √©taient super garnies et cuites √† la perfection. Nous nous sommes r√©gal√©s. Merci. Passe une bonne soir√©e",5,0.384,0.425,0.8658,0.04099999999999998
73,"On se croirait dans les pizzas industrielles et les produits surgel√©s, d√©√ßue !",1,-0.475,-0.475,-0.2244,0.0
74,Super pizza et personnel!,5,0.0625,0.38125,0.6588,0.31875
75,Accueil agr√©able et convivial. Mesures Covid respect√©es. Service rapide et nourriture excellente. Un sans faute...üòâ,5,0.32999999999999996,0.3625,0.9601,0.03250000000000003
76,Tr√®s bons hamburgers ! Je recommande... et vivement que l'on puisse manger sur place !,5,0.34375,0.625,0.8114,0.28125
77,Best Pizza In Bourg-en-Bresse!,5,0.6625000000000001,0.0,0.6696,0.6625000000000001
78,Trop bonnes pizzas,5,0.35,0.35,0.4404,0.0
79,"Nous sommes all√©s y manger avec mon compagnon ce samedi apr√®s-midi. Nous n'avons jamais √©t√© aussi bien accueillis ! L'accueil est super chaleureux, ils savent vous mettre √† l'aise les plats sont arriv√©s super, rapidement nous avons tr√®s bien mang√© nous sommes m√™me all√©s jusqu'au dessert ! Merci encore pour l'accueil",5,0.25199999999999995,0.20222222222222222,0.9772,0.049777777777777726
80,Pour moi c'√©tait mieux avant ! Je commande on me dit une heure et le retard attendu 30 minutes et non un geste commercial...,3,0.0,-0.005,0.2244,0.005
81,"Des pizzas toujours au top, comme le personnel üòÅ",5,0.05,0.05,0.743,0.0
82,D√©jeuner sur place. L'accueil est rapide et la prise de commande aussi. Le choix de la pizza est tellement important qu'au final on ne sait pas vraiment vers qui se tourner. Le service est correct mais je pense qu'il faudrait l'indiquer si on a un timing √† respecter. Nous n'avons pas eu le temps pour le dessert mais ils avaient l'air int√©ressants. Le rapport qualit√©/prix est au rendez-vous.,4,0.115625,0.12142857142857144,0.8549,0.005803571428571436
83,Super bonne pizza surtout la banane chocolat sans banane le personnel super sympa et accueillant je recommande,5,0.42142857142857143,0.42142857142857143,0.9053,0.0
84,"Tr√®s tr√®s bon, repas pr√™t sans trop d'attente, je recommande pour un petit repas seul ou entre amis ou en famille, plusieurs choix √† la carte. Il y a un parking ext√©rieur pour les automobilistes et des lignes de bus desservant la rue o√π se situe le restaurant. Je recommande ! üç¥üòä",5,0.32062500000000005,0.27388888888888885,0.956,0.0467361111111112
85,"Super rapide, tr√®s riche, choix vari√© et rapport qualit√© prix irr√©prochable ! Je recommande fortement !",5,0.33499999999999996,0.48333333333333334,0.927,0.14833333333333337
86,Tr√®s bonnes pizzas,5,1.0,1.0,0.4927,0.0
87,"Des pizzas d'un excellent rapport qualit√© prix, un personnel toujours aux petits soins un plaisir !",5,0.2475,0.2475,0.923,0.0
89,Excellentes pizzas ! Qualit√© de la p√¢te et de la garniture ! Hautement conseill√©,5,0.5625,0.44166666666666665,0.6467,0.12083333333333335
90,"Tr√®s bon repas, assiette copieuse, personnel agr√©able, service rapide... A RECOMMANDER",5,0.4600000000000001,0.525,0.8412,0.06499999999999995
91,La p√¢te pas assez cuite et le jambon en miettes plut√¥t qu'en tranches,1,0.0,0.0,0.0,0.0
92,"Repas sur place ou √† emporter, bonne qualit√©, service assez rapide et bonne ambiance de la part des serveurs et du g√©rant",5,0.5375000000000001,0.5375000000000001,0.7003,0.0
93,"De loin la meilleure pizzeria du coin. Large choix de plats, service agr√©able, endroit cosy et surtout pizzas excellentes. Je recommande fortement !",5,0.426,0.2928571428571428,0.9358,0.13314285714285717
94,J'ai mang√© votre pizza apr√®s l'avoir d√©congel√©e et nous nous sommes r√©gal√©s üëçüëç,5,0.0,0.0,0.5106,0.0
95,Bel endroit! Tr√®s agr√©able ! J'ai pass√© un tr√®s bon moment et je me suis r√©gal√© je recommande vivement cet endroit üòâ,5,0.575,0.5,0.9611,0.07499999999999996
96,"C'√©tait la premi√®re fois, super accueil et les pizzas sont d√©licieuses, nous reviendrons avec plaisir.",5,0.44999999999999996,0.5375,0.9382,0.08750000000000002
97,Nous et tr√®s bien accueillis par le personnel √©galement une bonne ambiance je le recommande,4,0.25,0.22999999999999998,0.7778,0.020000000000000018
98,Bon et convivial,5,0.6499999999999999,0.7,0.7269,0.050000000000000044
99,tr√®s bonnes pizzas. prix correct et personnel sympathique,5,0.4125,0.5125,0.8384,0.09999999999999998
100,"Super, super pizzeria ! Accueil chaleureux, impeccable.",5,0.625,0.64375,0.9245,0.018750000000000044
101,Sans aucun doute la meilleure pizzeria de Bourg et sa proche banlieue. Un accueil toujours aussi √©gal et chaleureux. Une pousse de pizza tr√®s grande et diversifi√©e. Et des prix abordables. Marina Mattera,5,0.32857142857142857,0.35000000000000003,0.8442,0.021428571428571463
102,"Cuisine maison, rapide et bonne.",5,0.3833333333333333,0.5249999999999999,0.4404,0.1416666666666666
103,"Pizza g√©n√©reuse et de qualit√©, √©quipe souriante et dynamique. Nous n'avons jamais √©t√© d√©√ßus depuis plusieurs ann√©es de fid√©lit√©.",5,0.45999999999999996,0.16,0.9319,0.29999999999999993
104,"Personnel agr√©able ! Pizza de qualit√© et tr√®s g√©n√©reuse ! Rapidit√©, bon rapport Q/P, que dire de plus ?",5,0.5291666666666667,0.5291666666666667,0.892,0.0
105,"Service rapide, personnel dynamique",5,0.13333333333333333,0.13333333333333333,0.3818,0.0
106,Super,5,0.7,0.7,0.5994,0.0
107,Les pizzas sont super bonnes pour un prix raisonnable.,5,0.5333333333333333,0.5333333333333333,0.7783,0.0
108,"Sympathique, tr√®s bonne √©quipe. üëèüëèüëè",5,1.0,0.8,0.7501,0.19999999999999996
110,Pizzas tr√®s bonnes et copieuses ! Accueil chaleureux ! Bon petit resto ! Que demander de plus pour un bon repas...,5,0.5333333333333333,0.5083333333333333,0.942,0.025000000000000022
111,"Parfait !!! Cadre magnifique, personnel accueillant et sympathique. Produits frais et fait maison. Et les pizzas sont les meilleures üíú",5,0.5542857142857143,0.5542857142857143,0.9783,0.0
112,"Pizzas succulentes, accueil chaleureux, tout pour passer un bon moment",5,0.0,0.4066666666666667,0.7783,0.4066666666666667
113,Accueil tr√®s sympathique Excellente pizza et burger √©tant de passage nous avons beaucoup appr√©ci√© ce restaurant,5,0.325,0.66,0.9363,0.335
114,De tr√®s bonnes pizzas... Un r√©gal.,5,0.8,0.8,0.7089,0.0
115,Service rapide et agr√©able dans une belle salle les pizzas sont bien garnies et correspondent parfaitement aux attentes je recommande,5,0.4041666666666666,0.4041666666666666,0.9432,0.0
116,"Tr√®s bel √©tablissement, cadre agr√©able, accueillant, sympathique et professionnel, tout ce qu'il faut pour avoir envie de revenir. J'ai oubli√© dernier point important, on mange tr√®s bien.",5,0.35375,0.263,0.9455,0.09075
117,"Tr√®s belle pizzeria, pizzas copieuses",5,1.0,1.0,0.4754,0.0
118,"Pizza bien garnie, peu d'attente et toujours servie avec le sourire",4,0.065,0.08666666666666667,0.3612,0.021666666666666667
119,Tr√®s bonne pizzeria. Miam...,4,1.0,1.0,0.4927,0.0
120,"Restaurant tr√®s propre, excellentes pizzas, malheureusement victime de son propre succ√®s vu l'attente, que ce soit √† table ou √† emporter ! Mais √ßa vaut le coup d'attendre !",5,0.07416666666666671,0.26890625,0.7588,0.1947395833333333
121,Grand choix d'excellentes pizzas!,5,0.4225,0.4625,0.7424,0.040000000000000036
122,"Personnel tr√®s sympathique, √† l'√©coute de ses clients. Environnement agr√©able, propre et a√©r√©. Possibilit√© de manger en terrasse. Grand parking.",5,0.356,0.476,0.9134,0.12
123,"Sur place √† emporter ou livr√©. Beaucoup de choix de pizzas. Tous ceux que j'ai go√ªt√©s √©taient bons. La terrasse est agr√©able, on est servi rapidement et avec le sourire.",5,0.404,0.404,0.8271,0.0
125,Tr√®s bon rapport qualit√© prix et tr√®s bon accueil ! Je vous conseille vivement d'y aller !,5,0.7000000000000001,0.7999999999999999,0.9125,0.09999999999999987
126,Excellente pizza et bien achaland√© personnel tr√®s agr√©able je le recommande,5,0.35,0.35,0.8977,0.0
127,Pizzeria accueillante service rapide √† bon prix et g√©n√©reux si vous √™tes dans le coin je vous le recommande,5,0.4083333333333334,0.4083333333333334,0.891,0.0
128,"C'est simple, tous les week-ends je l'utilise et je peux vous dire que les pizzas sont excellentes !",5,0.20833333333333334,0.315,0.6114,0.10666666666666666
129,"C'est un d√©lice, vous trouverez un large choix de pizzas sur place. ü§ó",5,0.15,0.15,0.7717,0.0
130,"Accueil sympathique, bonnes pizzas et prix corrects... Je recommande",5,0.43333333333333335,0.4749999999999999,0.9169,0.041666666666666574
131,D√©licieuse,5,0.8,0.8,0.5719,0.0
132,Propre Bon.abondant. prix raisonnable. Accueil rapide et professionnel,4,0.27,0.27,0.6908,0.0
133,Service rapide prix correct,5,0.375,0.375,0.3182,0.0
134,"Restaurant tr√®s correct, l'ambiance est g√©niale, le patron et les serveuses sont accueillants et tr√®s sympathiques et les cuisiniers cuisinent de bons plats. Hamburger une tuerie avec uniquement des produits frais.",5,0.6499999999999999,0.5457142857142856,0.8858,0.10428571428571431
135,"Tr√®s bien possible de manger rapidement le midi, rien √† redire si ce n'est que peut-√™tre trop de choix de pizza (client ennuyeux ??üòÅ)",4,-0.08333333333333333,-0.16999999999999998,0.677,0.08666666666666666
136,d√©licieuse pizza je recommande.,5,0.5,0.5,0.7351,0.0
137,"Super accueil, bon service et bonne cuisine. Merci pour votre participation √† notre projet !",5,0.6187499999999999,0.6187499999999999,0.9402,0.0
138,On y va et on revient... Super,5,0.7,0.7,0.6249,0.0
139,Manger une pizza g√©n√©reuse n'est pas tout. Nous n'avons pas aim√© du tout. La p√¢te √©tait sans go√ªt. Moyen r√¢p√©. La sauce tomate n'est gu√®re meilleure. Les olives vertes et noires coup√©es en morceaux ressemblent plus √† celles des bo√Ætes qu'√† celles du petit producteur de Nyons... 2 √©toiles pour l'accueil appr√©ciable et c'est tout.,2,0.07166666666666667,0.10692307692307693,0.5388,0.035256410256410256
142,"J'ai d√©couvert cette pizzeria, avec mes parents, il y a tr√®s longtemps... Je suis arriv√© √† Bourg √† l'√¢ge de 8 ans, j'en ai 30 aujourd'hui... A l'√©poque ils √©taient situ√©s en haut de l'avenue de Lyon et seuls fait des pizzas √† emporter... Nous avons tout de suite rejoint cette pizzeria ! Que ce soit avant ou maintenant, personnel franchement agr√©able, souriant, qui discute particuli√®rement bien... Le propri√©taire a facilement chang√© 3 fois, √† chaque nouvelle √©quipe, jamais de d√©ception BIEN AU CONTRAIRE !!! Les pizzas sont d√©licieuses !!!! Un vrai r√©gal!!! Leur fa√ßon de les fabriquer et la qualit√© de leurs ingr√©dients sont juste EXQUIS !!! Attente courte, service rapide ou correct s'il y a du monde... Depuis qu'elle a √©t√© refaite √† neuf, leur salle est conviviale et belle comme tout !",5,0.27609953703703705,0.25424768518518515,0.9834,0.0218518518518519
143,Pizza d√©√ßue sans go√ªt et de mauvaise qualit√© point positif pour le personnel.,1,-0.252,-0.252,-0.3818,0.0
146,Oui.... TRES BONNE qualit√© et service impeccable !!!!!,5,0.6025,0.6025,0.86,0.0
147,Tr√®s bien,5,1.0,0.0,0.4927,1.0
148,Pizza pas bonne. . . Tomate aigre et pas de vraie mozzarella üëéüëéüëé,1,-0.15,-0.19999999999999996,-0.5583,0.04999999999999996
153,G√©nial √† fr√©quenter sans retenue,5,0.9,0.9,0.5859,0.0
154,"Accueil et restaurant chaleureux, choix sur la carte et c'est d√©licieux !",5,0.48333333333333334,0.65,0.8356,0.16666666666666669
156,Pizzas franchement pas top mais personnel tr√®s bien.,3,0.525,0.025,0.6115,0.5
158,Toujours au top,5,0.0,0.0,0.3818,0.0
160,Un tr√®s grand choix de pizzas et un accueil sympathique.,4,0.4,0.6,0.7351,0.19999999999999996
161,"Accueil tr√®s chaleureux, m√™me √† 20 minutes de la fermeture. Tr√®s bonnes pizzas.",5,0.6666666666666666,0.5333333333333333,0.8255,0.1333333333333333
162,"Trop bonne pizza, cuisiniers g√©n√©reux sur les garnitures, le personnel est super et le b√¢timent en lui m√™me est tr√®s sympa, c'est un restaurant, pour une pizzeria c'est agr√©able, je recommande üôÉ",5,0.3285714285714286,0.38749999999999996,0.9595,0.05892857142857133
163,Tr√®s bonne pizzeria. Personnel serviable et souriant.,5,0.5833333333333334,0.5833333333333334,0.8399,0.0
164,On y est toujours bien re√ßu et on y mange tr√®s bien.,5,0.0,0.0,0.5413,0.0
166,Top qualit√©/prix!!!,4,0.0,0.0,0.3971,0.0
170,Succulent,5,0.0,0.0,0.0,0.0
172,"Personnel tr√®s accueillant, agr√©able",5,0.5833333333333334,0.5166666666666667,0.7764,0.06666666666666665
174,Pizzas tr√®s bonnes et accueil tr√®s sympathique. Aucune plainte.,5,0.505,1.0,0.9097,0.495
175,Tr√®s bon et agr√©able ++++,5,0.35,0.85,0.7755,0.5
179,Bon accueil tr√®s agr√©able gentille serveuse,5,0.6333333333333333,0.7000000000000001,0.9113,0.06666666666666676
182,Bon accueil propre et les pizzas sont bonnes,3,0.5766666666666667,0.5766666666666667,0.8885,0.0
185,"si vous voulez manger une bonne pizza, c'est LE lieu √† ne pas manquer !!! produits frais, pizza g√©n√©reuse avec une excellente p√¢te !!! large choix pour tous les go√ªts, de l'entr√©e au dessert avec toujours la m√™me formule que j'aime tant, fait maison avec des produits frais et de qualit√© !!! Accueil tr√®s chaleureux, service impeccable, toujours avec le sourire !! Cadre et d√©co tr√®s sympa ! Un vrai moment de d√©tente !! merci √† toute l'√©quipe, continuez comme √ßa c'est parfait !!!",5,0.49972039473684216,0.47340460526315786,0.9899,0.026315789473684292
187,"Toujours au top, bravo √† toute l'√©quipe",5,0.22,0.22,0.6908,0.0
188,"Tr√®s bonne pizzeria, p√¢te d√©licieuse, garniture g√©n√©reuse et service correct",4,0.725,0.725,0.8874,0.0
191,Tr√®s bon rapport qualit√© prix,5,0.7,0.7,0.707,0.0
192,"Tr√®s bonnes pizzas et autres sp√©cialit√©s italiennes, cadre sympa, personnel aussi",5,0.23000000000000004,0.23000000000000004,0.7178,0.0
193,"PIZZA DES LYS = D√âLICE = PIZZAS DES GEUX = D√âGOUTANTE Des pizzas gonfl√©es de grumeaux et qui coulent √† flot. Le remplissage n'a pas le temps d'atteindre votre bouche. Quant au go√ªt. Je n'en parle pas car il n'y en a pas. Fabrication authentique, une v√©ritable cha√Æne industrielle derri√®re le comptoir. Accueil chaleureux, levez la main pour signaler votre pr√©sence ! Sans oublier cette ch√®re dame dont la fonction premi√®re est de gazouiller dans vos oreilles. Rapport qualit√© prix en dessous de z√©ro.",1,0.10214285714285716,0.18937500000000002,0.8298,0.08723214285714286
195,Tr√®s bonnes pizzas,5,1.0,1.0,0.4927,0.0
196,Service rapide et de qualit√© pour un petit budget.,5,0.2833333333333333,0.2833333333333333,0.0,0.0
202,Tr√®s beau et bon,4,0.85,0.85,0.7397,0.0
203,"Bon accueil, bonnes pizzas",4,0.7,0.7,0.8481,0.0
204,Tr√®s bonnes pizzas,4,1.0,1.0,0.4927,0.0
205,Quel plaisir de retrouver cet √©tablissement apr√®s ce covid.. Malheureusement service trop rapide et pas de lumi√®re en terrasse pour passer un bon moment.. Sinon tr√®s bon plat.,2,0.349,0.19083333333333333,0.7346,0.15816666666666665
207,Les serveurs et les patrons sont super sympas l'attente de nos plats n'est pas longue et c'est bon,5,0.30399999999999994,0.30399999999999994,0.8625,0.0
210,√áa vaut le coup de claquer son RSA pour manger une des meilleures pizzas du pays de l'Ain,5,0.53,0.53,0.7269,0.0
216,"Pizzas tr√®s tr√®s bonnes, rien √† redire ! 3 √©toiles par rapport au service √† table, on oublie vite... les tables ne sont pas forc√©ment bien nettoy√©es et les jolis petits pots de sel et de poivre sont tr√®s collants... bon app√©tit bien s√ªr !!",3,0.2925,0.32781249999999995,0.7035,0.03531249999999997
220,Tr√®s bonnes pizzas,4,1.0,1.0,0.4927,0.0
221,Pizza tr√®s bonne et bien garnie,5,0.5,0.5,0.4927,0.0
222,Pizza bien garnie √† un prix juste et bon,5,0.3666666666666667,0.30666666666666664,0.6369,0.06000000000000005
230,De d√©licieuses pizzas et des prix abordables ! Je recommande !,5,0.41250000000000003,0.41250000000000003,0.7772,0.0
232,Service agr√©able,4,0.7,0.7,0.5106,0.0
235,Personnel tr√®s agr√©able et ingr√©dients de qualit√©,5,0.4833333333333334,0.4833333333333334,0.4754,0.0
239,Si je pouvais mettre 0 √©toiles je vomirais toute la nuit √† cause de la pizza que je d√©conseille fortement sauf si vous √™tes accro √† vomir et √† vomir tous ses triples üòâ,1,0.06285714285714285,0.06285714285714285,0.2732,0.0
243,Bonne pizza √† toute heure merci au distributeur,5,0.45999999999999996,0.4066666666666667,0.7003,0.05333333333333329
244,"Ils √©taient bien mieux avant, que s'est-il pass√© ?!",1,-0.075,-0.125,0.4926,0.05
246,Super pizzas et endroit confortable,4,0.3,0.5,0.6249,0.2
247,Excellente adresse pour la gentillesse du service et la qualit√© des pizzas,3,0.45,0.45,0.7717,0.0
252,Grande pizzeria comme leurs pizzas 50 cm,4,0.8,0.3,0.6705,0.5
257,"Pizzas bonnes, copieuses et g√©n√©reuses. Patrons simples et sympathiques, personnel souriant, que demander de plus ?",5,0.4285714285714285,0.4285714285714285,0.9081,0.0
259,Bonnes pizzas. un peu bruyant,3,0.27499999999999997,0.27499999999999997,0.296,0.0
265,"Pizza tr√®s fournie, ingr√©dients de bonne qualit√©.",5,0.355,0.36999999999999994,0.4902,0.014999999999999958
274,personnel sympa,5,0.225,0.125,0.4215,0.1
276,Bienvenue bon produit,5,0.7,0.7,0.7096,0.0
278,Demandez la salade Chlo√©... c'est d√©licieux !,5,0.0,1.0,0.6114,1.0
281,Agr√©able,4,0.2,0.7,0.4215,0.49999999999999994
295,Qualit√© et accueil au rendez-vous,4,0.4,0.4,0.4588,0.0
296,Un service impeccable !,5,0.875,0.875,0.0,0.0
297,"Pizzeria industrielle je n'ai pas aim√©, cuisson b√¢cl√©e au four √©lectrique",2,-0.10000000000000002,-0.10000000000000002,-0.2755,0.0
298,"Je suis arriv√© √† 13h50, le restaurant ne servait plus.",1,0.125,0.125,-0.296,0.0
300,"Si je pouvais mettre z√©ro, je prendrais une pizza de 50 cm de diam√®tre et ils me donneraient une cr√™pe g√©ante qui n'avait aucun go√ªt merci !!!!",1,0.34414062500000003,0.34414062500000003,-0.6681,0.0
303,Incontestablement les rois du üçï !,5,0.0,0.0,0.0,0.0
308,Personnel d√©sagr√©able !!!!!! Vous commandez du jambon on vous donne des champignons bref pas d'organisation je vous d√©conseille fortement !!!!!,1,-0.2352864583333333,-0.064912109375,-0.6562,0.1703743489583333
309,Bon rapport qualit√© prix,4,0.55,0.55,0.6486,0.0
316,Sympathique bonne pizza,5,0.6499999999999999,0.6499999999999999,0.7269,0.0
326,"Les pizzas s√®ches que nous avons appel√©es pour leur faire savoir que la question de la personne que j'avais au t√©l√©phone √©tait mais pourquoi appelez-vous si c'est pour une compensation, cela ne vaut m√™me pas la peine d'y penser",1,-0.049999999999999996,-0.049999999999999996,-0.2498,0.0
327,"Temps d'attente g√™nant la parole service, voire irrespectueux des clients, en plus ce d√©lai excessif √©tant d√ª √† l'impossibilit√© de refuser les commandes √† emporter au d√©triment des clients pr√©sents sur place qui attendent tr√®s, tr√®s, tr√®s longtemps..... ..",1,-0.08666666666666667,-0.10200000000000001,-0.8316,0.015333333333333338
331,pizzas bonnes et pas ch√®res,5,0.40249999999999997,0.40249999999999997,0.4404,0.0
332,Toujours satisfait !,4,0.375,0.375,0.4753,0.0
336,Parfait !,5,1.0,1.0,0.0,0.0
340,"accueil froid pizzas sans saveurs, sans gouts mauvais rapport qualit√© prix en plus, un poil sur ma pizza",2,-0.3,-0.125,0.2057,0.175
342,Super !,4,0.875,0.875,0.636,0.0
343,Belle pizza,4,0.8,0.8,0.4215,0.0
345,Excellent endroit,5,0.5,0.5,0.5719,0.0
347,Exceptionnel,5,0.2,0.2,0.0,0.0
348,Pizzas bonnes et copieuses,4,0.7,0.7,0.4404,0.0
355,excellent !!!,5,0.9765625,0.9765625,0.6784,0.0
359,Accueil tr√®s sympathique. Pizzas au top. Service rapide. J'y suis all√© et j'y retournerai.,4,0.375,0.675,0.8211,0.30000000000000004
360,Bon service et belle pizzeria pour rencontrer les locaux. Beaucoup de fromage sur la pizza.,4,0.4,0.4,0.6908,0.0
361,Haute,4,0.18,0.18,0.0,0.0
362,"Qualit√© prix un excellent site. Pizzas de tr√®s bonne qualit√© et de bonne taille. Genre italien. Le service est plut√¥t bon, m√™me s'il est vrai qu'il a fallu patienter un peu. Fortement recommand√© si vous aimez la pizza.",5,0.38636363636363635,0.38636363636363635,0.9606,0.0
363,Je n'avais jamais essay√© une pizza aussi g√©ante. Cela vaut la peine de demander 50 cm. Je recommande le saumon et les 5 fromages si vous aimez le fromage.,5,0.135,0.135,0.7096,0.0
364,Pizza nouilles miaaaam,5,0.0,0.0,0.0,0.0
365,Bon,4,0.7,0.7,0.0,0.0
366,Haute,5,0.18,0.18,0.0,0.0
367,Haute,5,0.18,0.18,0.0,0.0
