,content,tradFr
0,"Les pizza sont excellentes, leurs prix est extr√™mement abordable vu la qualit√© (compt√© environs 11‚Ç¨ pour une 34cm) Le personnel est vraiment agr√©able et leurs services est impeccable  Juste couper les pizzas quand c'est des commandes √† emport√©s serait un plus  Je recommande chaudement","Les pizzas sont excellentes, leurs prix sont extr√™mement abordables compte tenu de la qualit√© (compter environ 11‚Ç¨ pour un 34cm) Le personnel est vraiment agr√©able et leurs services sont impeccables Se contenter de couper les pizzas lorsqu'il s'agit de commandes √† emporter serait un plus Je recommande vivement"
1,"Super pizza, personnel accueillant !je recommande vivement.","Super pizza, personnel sympathique! Recommande fortement."
2,"Quel plaisir de d√©guster de bonnes pizzas. Cette pizzeria est l'exemple m√™me de la qualit√© tant au niveau de l'accueil, de l'organisation et des produits.","Quel plaisir de d√©guster de bonnes pizzas. Cette pizzeria est l'exemple m√™me de la qualit√© en termes d'accueil, d'organisation et de produits."
3,"Des ann√©es que je viens ici et je n'ai jamais √©t√© d√©√ßu ! Que ce soit sur place ou √† emporter le service est au top ! J'ai toujours √©t√© bien accueillis, les plats sont tous excellents et l'√©norme choix de pizzas est toujours aussi plaisant ! Les prix sont plus que raisonnables et m√™me quand j'ai eu un probl√®me sur une pizza trop petit me on m'a propos√© directement de me la changer ! Une adresse incontournable √† Peronnas, foncez y sans r√©fl√©chir !","Je viens ici depuis des ann√©es et je n'ai jamais √©t√© d√©√ßue ! Que ce soit sur place ou √† emporter, le service est au top ! J'ai toujours √©t√© bien re√ßu, les plats sont tous excellents et l'√©norme choix de pizzas est toujours aussi agr√©able ! Les prix sont plus que raisonnables et m√™me quand j'ai eu un probl√®me avec une pizza trop petite pour moi, on m'a propos√© de la changer directement ! Une adresse incontournable √† P√©ronnas, foncez sans r√©fl√©chir !"
4,"Quantit√©, prix, qualit√© et amabilit√©... bravo !","Quantit√©, prix, qualit√© et convivialit√©... bravo !"
5,"De Tr√®s bonne pizzas rien √† redire, 1 bon accueil le service impeccable","Tr√®s bonnes pizzas rien √† redire, 1 bon accueil service impeccable"
6,√âtape agr√©able pour le d√©jeuner. Carte des pizzas extra compl√®te et beaucoup d'autres choses propos√©es.,Agr√©able halte pour d√©jeuner. Menu de pizza extra complet et bien d'autres choses propos√©es.
7,"Joli cadre et tr√®s bonne pizza. Les salades de mes coll√®gues donnaient envies, tr√®s g√©n√©reuses. Je reviendrai certainement.",Cadre sympa et pizzas tr√®s bonnes. Les salades de mes coll√®gues √©taient tr√®s g√©n√©reuses. Je vais certainement revenir.
8,"Nous avons toujours √©t√© tr√®s contents de nos pizzas que nous prenons r√©guli√®rement √† pizza d√©lice mon mari et mon fils change r√©guli√®rement de pizza moi je prends toujours la quatre saisons avec l'artichaut qui me convient bien et aujourd'hui j'ai voulu changer et prendre une languedocienne et j'ai √©t√© tr√®s d√©√ßue pizza insipide aux fruits de mer c'est pour cela que je mets 4 au lieu de 5, normalement jaurais mis 5 sans avoir go√ªt√© cette pizza.","Nous avons toujours √©t√© tr√®s content de nos pizzas que nous prenons r√©guli√®rement chez pizza d√©lice mon mari et mon fils changent r√©guli√®rement de pizzas je prends toujours les quatre saisons avec l'artichaut ce qui me va bien et aujourd'hui j'ai eu envie de changer et de prendre une Languedoc et j'√©tais tr√®s d√©√ßu pizza aux fruits de mer sans go√ªt c'est pourquoi j'ai mis 4 au lieu de 5, normalement j'aurais mis 5 sans avoir go√ªt√© cette pizza."
9,"Tr√®s bonne pizzeria,elle porte bien son nom. car ces pizza sont un d√©lice,surtout qui il y a en pour toute les tailles et les go√ªts.vraiment je recommande ce restaurant qui vaut vraiment le d√©tour allez y les yeux ferm√©s il sont excellent et ma√Ætrise parfaitement leur sujet","Tr√®s bonne pizzeria, elle porte bien son nom. car ces pizzas sont un d√©lice, d'autant plus qu'il existe des pizzas pour toutes les tailles et tous les go√ªts. Vraiment je recommande ce restaurant qui vaut vraiment le d√©tour allez y les yeux ferm√©s ils sont excellents et ma√Ætrisent parfaitement leur sujet"
10,"Pizzas bonnes avec beaucoup de choix, 50 cm bien 50 cm ü§£","De bonnes pizzas avec beaucoup de choix, 50 cm bien 50 cm ü§£"
11,Petite halte sur la route de notre retour  nous avons √©t√© agr√©ablement accueilli et avons tr√®s bien mang√©.  Excellente pizza !!,Petite halte sur le chemin de notre retour nous avons √©t√© agr√©ablement accueillis et avons tr√®s bien mang√©. Excellentes pizzas !!
12,Super rien a dire qualit√© et prix et acceuil a refaire,Super rien √† dire qualit√© et prix et bienvenue √† refaire
13,De pizzas pour tous mes go√ªts. Bonnes et immenses. Tr√®s bonnes p√¢tes √©galement. Une petite pause agr√©able.,Des pizzas pour tous mes go√ªts. Bon et √©norme. Tr√®s bonnes p√¢tes √©galement. Une bonne petite pause.
14,"Une tr√®s bonne pizz√©ria avec des produits au top un accueil et service agr√©able. Les pizzas sont bien garnies avec des produits frais a des tarifs abordable, je la conseille vivement ....","Une tr√®s bonne pizzeria avec des produits au top, un accueil chaleureux et un service agr√©able. Les pizzas sont bien garnies en produits frais √† des prix abordables, je le recommande vivement...."
15,"Pissas tr√®s bonne, accueil sympathique. Belle soir√©e. Satisfait.","Tr√®s bonne pisse, accueil sympathique. Bonne soir√©e. Satisfait."
16,Une pizza m√©diocre remplie d‚Äôhuile !!! Certes le prix est bas mais l√† qualit√© est inacceptable !!! Soit trop d‚Äôhuile soit trop sec !! √âvitez absolument la pizza au burger,"Une pizza m√©diocre remplie d'huile !!! Certes le prix est bas mais la qualit√© est inacceptable ! Soit trop d'huile, soit trop sec !! Evitez absolument la pizza burger"
17,Tr√®s bonne accueil convivial et les plats tr√®s vari√©s et tr√®s bons budgets moyens,Tr√®s bon accueil sympathique et plats tr√®s vari√©s et tr√®s bons budgets moyens
18,"Du choix en pizza et elles sont tr√®s bonnes .d.autres  plats types escalopes milanaise ,pi√®ces de boucher ... de bonnes salades et le personnel tr√®s accueillant et a l.ecoute .au top .","Le choix des pizzas et elles sont tr√®s bonnes. D'autres plats comme les escalopes milanaises, les coupes du boucher... de bonnes salades et le personnel est tr√®s accueillant et attentionn√©."
19,√âtant client r√©gulier c'est un plaisir de s'y rendre,"√âtant un client r√©gulier, c'est un plaisir d'y aller."
20,"Accueil sympathique Service rapide, grand choix de pizzas avec des prix raisonnable.","Accueil sympathique Service rapide, grand choix de pizzas √† des prix raisonnables."
21,On mange super bien et les propri√©taires sont tr√®s sympa,On mange tr√®s bien et les patrons sont tr√®s gentils
23,"Une longue attente mais surtout aucun calme, on ne pouvait pas s'entendre parler... Vous pouvez manger leurs plats mais pas manger chez eux.","Une longue attente mais surtout pas de calme, on ne s'entendait pas parler... Vous pouvez manger leurs plats mais pas manger chez eux."
24,Super service et les pizzas sont vraiment tr√®s tr√®s bonnes et bien garnies.,Super service et les pizzas sont vraiment tr√®s tr√®s bonnes et bien garnies.
25,"Les pizzas g√©ante, sont r√©ellement g√©ante ü§ìüòÆ, bonne pizza, lieu sympa. J'y retournerai volontier...","Les pizzas g√©antes sont vraiment g√©antes ü§ìüòÆ, bonne pizza, bel endroit. J'y retournerai avec plaisir..."
26,Tr√®s bien merci,Tr√®s bien merci
27,Beaucoup de choix et excellent rapport qualit√©/prix,Beaucoup de choix et excellent rapport qualit√© prix
29,"Tr√®s bon accueil , est bonne pizza üçï .","Tr√®s bon accueil, c'est de la bonne pizza üçï."
30,Les pizzas mais aussi les desserts sont d√©licieux et l'accueil au top!,Les pizzas mais aussi les desserts sont d√©licieux et l'accueil au top !
31,Service tr√®s bien pizza tr√®s bonne une belle terrasse que demander de plus,Service tr√®s bien tr√®s bonne pizza une belle terrasse que demander de plus
32,Personnel sympathique et professionnel.  Pizzas tr√®s bonnes.,Personnel amical et professionnel. Tr√®s bonnes pizzas.
33,Tr√®s sympa avec de bonne pizza parking un peu juste ci restaurant complet.,Tr√®s sympa avec de bonnes pizzerias parking un peu juste ci plein restaurant.
34,Pris pizza au distributeur. Large choix disponible √† prix tr√®s raisonnable et un d√©lice. Je recommande et y reviendrai.,A pris la pizza du distributeur automatique. Large choix disponible √† prix tr√®s raisonnable et un d√©lice. Je recommande et reviendrai.
35,Les pizzas sont d√©licieuses !,Les pizzas sont d√©licieuses !
36,Tr√®s bien  manger  et l accueil vos 5 √©toiles,Tr√®s bien mang√© et l'accueil vos 5 √©toiles
37,Les pizzas sont bonnes et il y a un bon accueil !!,Les pizzas sont bonnes et l'accueil chaleureux !!
38,Tjr aussi agr√©able,Toujours aussi sympa
39,"Tr√®s correct pour le prix, la qualit√© est pr√©sente.","Tr√®s correct pour le prix, la qualit√© est l√†."
40,"Pizzeria au top, ils ont 2 dimensions de pizzas","Pizzeria au top, ils ont 2 tailles de pizzas"
41,Super accueil et super repas !!! üòãon reviendra en famille pour un nouveau super moment !,Super accueil et bonne bouffe !!! üòã nous serons de retour en famille pour un autre super moment !
42,"J'aime ‚ô• beaucoup ce restaurant, le personnel est accueillant et souriant. On s'y sent bien et surtout on est √† l'aise tout de suite. Cest tr√®s propre. Les plats propos√©s sont excellents et bien pr√©sent√©s. On attend pas trop longtemps, le service est parfait. Je recommande ce lieu si vous passez par l√†, vous ne serez pas d√©√ßus.","J'aime beaucoup ‚ô• ce restaurant, le personnel est accueillant et souriant. On s'y sent bien et surtout on est tout de suite √† l'aise. C'est tr√®s propre. Les plats propos√©s sont excellents et bien pr√©sent√©s. On n'attend pas trop longtemps, le service est parfait. Je recommande cet endroit si vous passez par l√†, vous ne serez pas d√©√ßu."
43,Pizzas tr√®s bonnes ! Accueil tr√®s correct malgr√© l'afflux.,Tr√®s bonnes pizzas ! Accueil tr√®s correct malgr√© l'affluence.
44,Tr√®s bon √©tablissement,Tr√®s bon √©tablissement
45,C'est un d√©lice,C'est un d√©lice
46,Toujours  aussi bon vraiment  la meilleur pizzeria de bourg,"Toujours aussi bon, vraiment la meilleure pizzeria de la ville"
47,Tr√®s bon resto et copieux,Resto tr√®s bon et copieux
48,Pizzas excellentes et g√©rant au top,Excellentes pizzas et top manager
49,"Excellentes pizzas, service at personnels au top !","Pizzas excellentes, service et personnel au top !"
50,Tr√®s bonnes pizzas beaucoup de choix pour pas cher.je recommande.,Tr√®s bonnes pizzas beaucoup de choix pour pas cher. Je recommande.
51,"Au top ,je recommande √† 100%, des patrons juste exeptionnelles , des pizzas extras...","Au top, je recommande √† 100%, juste des patrons exceptionnels, des pizzas extra..."
52,Bon accueil et tr√®s bonnes pizzas,Bon accueil et tr√®s bonnes pizzas
53,"Service rapide , employ√©s courtois et pizza divinement bonnes","Service rapide, employ√©s courtois et pizza divinement bonne"
54,"Les meilleurs pizzas du coin, servies avec le sourire !","Les meilleures pizzas du coin, servies avec le sourire !"
55,"Un accueil irr√©prochable, des pizzas de taille peu copines pour les gros mangeurs. Allez y sans r√©fl√©chir vous ne serez pas d√©√ßus !","Un accueil irr√©prochable, des pizzas de petite taille pour les gros mangeurs. Allez y sans r√©fl√©chir vous ne serez pas d√©√ßu !"
56,Prix un peu cher pour des garnitures de pizza un peu faible mais tout reste de tr√®s bonne qualit√©,Prix ‚Äã‚Äãun peu cher pour les garnitures de pizza un peu faible mais tout reste de tr√®s bonne qualit√©
57,"C‚Äôest la premi√®re fois que je commande une pizza dans un distributeur je peux vous dire qu‚Äôelle a fini √† la poubelle direct. Sa ressemble plus √† un chewing-gum, le go√ªt j‚Äôen parle m√™me pas, fade et r√©currente comme jamais. Pire pizza de my life, je d√©conseille !!!.","C'est la premi√®re fois que je commande une pizza √† un distributeur automatique, je peux vous dire qu'elle a fini √† la poubelle. C'est plut√¥t un chewing-gum, le go√ªt je n'en parle m√™me pas, fade et r√©current comme jamais. La pire pizza de ma vie, je ne recommande pas !!!."
58,Excellent rapport qualit√© prix.,Excellente valeur.
59,Un restaurant avec un accueil et une qualit√© exceptionnels √† conseiller,Un restaurant avec un accueil exceptionnel et une qualit√© √† recommander
60,Pizza excellentes et personnel convivial,Pizzas excellentes et personnel sympathique
61,"La pire Pizza de ma vie. Etant un grand amateur de Pizza, je peux ais√©ment en manger 2 en temps normal. Chez Pizza Des Lys impossible d'en finir une.","La pire pizza de ma vie. √âtant un grand amateur de pizza, je peux facilement en manger 2 en temps normal. Chez Pizza Des Lys impossible d'en finir une."
62,Pizzas trop trop bonnes. Patronne tr√®s sympathique. Pizza a emporter. Vivement le service en salle!,Trop bonnes pizzas. Patronne tr√®s sympathique. Pizzas √† emporter. Vive le room service !
63,Accueil üëçpizza üëçprix üëçtr√®s bonne pizzeria,Accueil üëçpizza üëçprix üëçtr√®s bonne pizzeria
64,tr√®s pro et d√©licieux,tr√®s professionnel et d√©licieux
65,C Bonne un repas qui me plaisait beaucoup !!üòãüòã,C Bon un repas que j'ai beaucoup aim√©!!üòãüòã
66,"Impeccable, les pizzas sont bonnes. J'ai command√© en ligne et c'√©tait pr√™t a temps.","Impeccable, les pizzas sont bonnes. J'ai command√© en ligne et c'√©tait pr√™t √† temps."
67,Trop bonne Pizza,Trop bonnes pizzas
68,Bon repas,Bon repas
69,"Personnel sympa, pizzas d√©licieuses !","Personnel sympathique, pizzas d√©licieuses!"
70,"Des pizzas toujours au top, tr√®s bon accueil quand on y va, livreur super quand on se fait livrer, bravo √† l'√©quipe ! Tout le monde a le sourire et rigole, ce n'est pas partout qu'on voit √ßa. Il y a de quoi mettre de bonne humeur un misanthrope d√©pressif.","Pizzas toujours au top, accueil tr√®s chaleureux quand on y va, super livreur quand on se fait livrer, bravo √† l'√©quipe ! Tout le monde sourit et rit, on ne voit pas √ßa partout. Il y a de quoi mettre un misanthrope d√©prim√© de bonne humeur."
71,"Bonne adresse, service rapide et efficace. Grand choix de pizzas pr√©par√©es avec de bons ingr√©dients. Je recommande.","Bonne adresse, service rapide et efficace. Grand choix de pizzas faites avec de bons ingr√©dients. Je recommande."
72,"Nous avons command√© 3 pizzas ce soir, elles √©taient super garnies et cuites juste comme il faut. Nous nous sommes r√©gal√©s. Merci. Bonne soir√©e","Nous avons command√© 3 pizzas ce soir, elles √©taient super garnies et cuites √† la perfection. Nous nous sommes r√©gal√©s. Merci. Passe une bonne soir√©e"
73,"√áa se sens les pizzas industrielles et les produits surgel√©s, d√©√ßu !","On se croirait dans les pizzas industrielles et les produits surgel√©s, d√©√ßue !"
74,Pizza et personnel au top !,Super pizza et personnel!
75,Accueil agr√©able et sympa. Mesures Covid respect√©es. Service rapide et repas excellent. Un sans faute ...üòâ,Accueil agr√©able et convivial. Mesures Covid respect√©es. Service rapide et nourriture excellente. Un sans faute...üòâ
76,Hamburgers trop bons ! Je recommande... et vivement que l‚Äôon puisse manger sur place !,Tr√®s bons hamburgers ! Je recommande... et vivement que l'on puisse manger sur place !
77,Meilleur Pizza De Bourg-en-Bresse !,Best Pizza In Bourg-en-Bresse!
78,Pizza trop bonne,Trop bonnes pizzas
79,"Nous sommes all√©s y manger avec mon compagnon ce samedi midi. Nous n'avons jamais √©t√© aussi bien accueillis ! L'accueil est super chaleureux, ils savent vous mettre √† l'aise les plats sont arriv√©es super, rapidement nous avons super bien mang√© nous sommes m√™me aller jusqu'au dessert ! Encore merci pour l'accueil","Nous sommes all√©s y manger avec mon compagnon ce samedi apr√®s-midi. Nous n'avons jamais √©t√© aussi bien accueillis ! L'accueil est super chaleureux, ils savent vous mettre √† l'aise les plats sont arriv√©s super, rapidement nous avons tr√®s bien mang√© nous sommes m√™me all√©s jusqu'au dessert ! Merci encore pour l'accueil"
80,Pour moi c'√©tait mieux avant ! Je commande on me dit une heure et la du retard attendu 30 minute et pas un geste commercial ...,Pour moi c'√©tait mieux avant ! Je commande on me dit une heure et le retard attendu 30 minutes et non un geste commercial...
81,"Pizzas toujours au top,  comme le personnel üòÅ","Des pizzas toujours au top, comme le personnel üòÅ"
82,D√©jeuner sur place. L'accueil est rapide et la prise de commande l'est aussi. Le choix de pizza est tellement important qu'au final on ne sait plus trop o√π donner de la t√™te. Le service est correct mais je pense qu'il faut indiqu√© si nous avons un timing √† respecter. Nous n'avons pas eu le temps de prendre de dessert mais ils avaient l'air int√©ressants. Le rapport qualit√© / prix est au rdv.,D√©jeuner sur place. L'accueil est rapide et la prise de commande aussi. Le choix de la pizza est tellement important qu'au final on ne sait pas vraiment vers qui se tourner. Le service est correct mais je pense qu'il faudrait l'indiquer si on a un timing √† respecter. Nous n'avons pas eu le temps pour le dessert mais ils avaient l'air int√©ressants. Le rapport qualit√©/prix est au rendez-vous.
83,Pizza super bonne surtout la chocolat Banane sans Banane le personnel super sympa et accueillant je recommande,Super bonne pizza surtout la banane chocolat sans banane le personnel super sympa et accueillant je recommande
84,"Tr√®s tr√®s bon, repas pr√™t sans trop d'attente, je recommande pour un petit repas en t√™te √† t√™te ou entre amis ou la famille, plusieurs choix √† la carte. Il y a un Parking ext√©rieur pour ceux en voiture et des lignes de bus qui desserve la rue ou se situe le restaurant. Je recommande ! üç¥üòä","Tr√®s tr√®s bon, repas pr√™t sans trop d'attente, je recommande pour un petit repas seul ou entre amis ou en famille, plusieurs choix √† la carte. Il y a un parking ext√©rieur pour les automobilistes et des lignes de bus desservant la rue o√π se situe le restaurant. Je recommande ! üç¥üòä"
85,"Super rapide, tr√®s copieux, choix vari√© et rapport qualit√© prix irr√©prochable ! Je recommande fortement !","Super rapide, tr√®s riche, choix vari√© et rapport qualit√© prix irr√©prochable ! Je recommande fortement !"
86,Tr√®s bonne pizza,Tr√®s bonnes pizzas
87,"Pizzas excellent rapport qualit√© prix, un personnel toujours aux petits soins un plaisir !","Des pizzas d'un excellent rapport qualit√© prix, un personnel toujours aux petits soins un plaisir !"
89,Pizza excellente ! Qualit√© de la p√¢te et de la garniture ! Conseil vivement,Excellentes pizzas ! Qualit√© de la p√¢te et de la garniture ! Hautement conseill√©
90,"Tres bon repas, assiette copieuse, personnels agr√©ables, service rapide... RECOMMAND√â","Tr√®s bon repas, assiette copieuse, personnel agr√©able, service rapide... A RECOMMANDER"
91,La p√¢te pas assez cuite et le jambon en miette plut√¥t qu' en tranche,La p√¢te pas assez cuite et le jambon en miettes plut√¥t qu'en tranches
92,"Repas sur place ou √† emporter, bonne qualit√©, service assez rapide et bonne ambiance de la part des serveurs et de la g√©rante","Repas sur place ou √† emporter, bonne qualit√©, service assez rapide et bonne ambiance de la part des serveurs et du g√©rant"
93,"Meilleure pizzeria du coin de loin. Large choix de nourriture, service agr√©able, lieu cosy et surtout pizza excellente. Je recommande vivement !","De loin la meilleure pizzeria du coin. Large choix de plats, service agr√©able, endroit cosy et surtout pizzas excellentes. Je recommande fortement !"
94,J'ai mang√© votre pizza apr√®s l'avoir d√©congel√©e et on s'est r√©gal√© üëçüëç,J'ai mang√© votre pizza apr√®s l'avoir d√©congel√©e et nous nous sommes r√©gal√©s üëçüëç
95,Super endroit !  Tr√®s agr√©able !  J'ai pass√© un tr√®s bon moment et je me suis r√©gal√©e Je recommande vivement cet endroit üòâ,Bel endroit! Tr√®s agr√©able ! J'ai pass√© un tr√®s bon moment et je me suis r√©gal√© je recommande vivement cet endroit üòâ
96,"C'√©tait la premi√®re fois, super accueil et les pizzas sont succulentes, nous reviendrons avec plaisir.","C'√©tait la premi√®re fois, super accueil et les pizzas sont d√©licieuses, nous reviendrons avec plaisir."
97,On et tr√®s bien re√ßu part le personnel aussi une bonne enbience je le reconmande,Nous et tr√®s bien accueillis par le personnel √©galement une bonne ambiance je le recommande
98,Bon et sympathique,Bon et convivial
99,tr√®s bonnes pizzas. tarif correct et le personnel sympas,tr√®s bonnes pizzas. prix correct et personnel sympathique
100,"Super,  pizzeria top !  Accueil chaleureux, impeccable.","Super, super pizzeria ! Accueil chaleureux, impeccable."
101,Sans conteste la meilleure pizzeria de Bourg et sa banlieue proche. Un accueil √©galement Tjrs √©gal et chaleureux. Un choux de pizza en plus tr√®s grand et diversifi√©. Et des tarifs abordables. Marina Mattera,Sans aucun doute la meilleure pizzeria de Bourg et sa proche banlieue. Un accueil toujours aussi √©gal et chaleureux. Une pousse de pizza tr√®s grande et diversifi√©e. Et des prix abordables. Marina Mattera
102,"Cuisine familiale, rapide et bonne.","Cuisine maison, rapide et bonne."
103,"Pizza g√©n√©reuse et de qualit√©, √©quipe souriante et dynamique. Nous ne sommes jamais d√©√ßu depuis plusieurs ann√©es de fid√©lit√©.","Pizza g√©n√©reuse et de qualit√©, √©quipe souriante et dynamique. Nous n'avons jamais √©t√© d√©√ßus depuis plusieurs ann√©es de fid√©lit√©."
104,"Personnel agr√©able ! Pizza de qualit√© et tr√®s g√©n√©reuse ! Rapidit√©, bon Rapport Q/P, que dire de plus?","Personnel agr√©able ! Pizza de qualit√© et tr√®s g√©n√©reuse ! Rapidit√©, bon rapport Q/P, que dire de plus ?"
105,"Service rapide, personnels dynamique","Service rapide, personnel dynamique"
106,Super,Super
107,Les pizzas sont super bonnes pour un prix raisonnable,Les pizzas sont super bonnes pour un prix raisonnable.
108,"Convivial, tr√®s bonne √©quipe. üëèüëèüëè","Sympathique, tr√®s bonne √©quipe. üëèüëèüëè"
110,Pizza tr√®s bonnes et copieuses ! Accueil chaleureux ! Petit restaurant agr√©able ! Que demander de plus pour passer un bon repas...,Pizzas tr√®s bonnes et copieuses ! Accueil chaleureux ! Bon petit resto ! Que demander de plus pour un bon repas...
111,"Parfait !!! Cadre sublime, Personnel accueillant et sympathique. Produits frais et fait maison. Et les pizzas sont les meilleures üíú","Parfait !!! Cadre magnifique, personnel accueillant et sympathique. Produits frais et fait maison. Et les pizzas sont les meilleures üíú"
112,"Pizzas succulentes,accueil chaleureux,tout po ur passer un bo moment","Pizzas succulentes, accueil chaleureux, tout pour passer un bon moment"
113,Accueil tr√®s sympa Pizza et burger excellents √©tant de passage nous avons bien appr√©ci√© ce restaurant,Accueil tr√®s sympathique Excellente pizza et burger √©tant de passage nous avons beaucoup appr√©ci√© ce restaurant
114,Tr√®s bonnes pizzas... Un r√©gal.,De tr√®s bonnes pizzas... Un r√©gal.
115,Service rapide et agr√©able dans une belle salle les pizzas sont bien garnies et correspondent parfaitement aux attentes je recommande,Service rapide et agr√©able dans une belle salle les pizzas sont bien garnies et correspondent parfaitement aux attentes je recommande
116,"Tr√®s belle √©tablissement, cadre agr√©able, accueil, sympathique et professionnels, tous ce qu'il faut pour avoir envie de revenir. J'oubliais dernier point important, on y mange tr√®s bien.","Tr√®s bel √©tablissement, cadre agr√©able, accueillant, sympathique et professionnel, tout ce qu'il faut pour avoir envie de revenir. J'ai oubli√© dernier point important, on mange tr√®s bien."
117,"Pizzeria tr√®s agr√©able, pizzas copieuses","Tr√®s belle pizzeria, pizzas copieuses"
118,"Pizza bien rempli, peu  de d√©lai d attente et toujours servi avec le sourire","Pizza bien garnie, peu d'attente et toujours servie avec le sourire"
119,Tr√®s bonne pizzeria. Miam...,Tr√®s bonne pizzeria. Miam...
120,"Restaurant tr√®s propre, pizzas excellentes, malheureusement victime de son succ√®s au vu de l'attente que ce soit a table ou a emport√© ! Mais √ßa vaut le coup d'attendre !","Restaurant tr√®s propre, excellentes pizzas, malheureusement victime de son propre succ√®s vu l'attente, que ce soit √† table ou √† emporter ! Mais √ßa vaut le coup d'attendre !"
121,√ânorme choix de pizzas excellentes !,Grand choix d'excellentes pizzas!
122,"Personnel tr√®s sympa, prends soin de ses clients. Cadre agr√©able ,propre ,a√©r√©. Possibilit√© de manger en terrasse. Grand parking.","Personnel tr√®s sympathique, √† l'√©coute de ses clients. Environnement agr√©able, propre et a√©r√©. Possibilit√© de manger en terrasse. Grand parking."
123,Sur place √† emporter ou livr√©. Beaucoup de choix de pizzas. Toutes celles que j'ai go√ªt√© √©taient bonnes. La terrasse est agr√©able on vous sert rapidement et avec le sourire.,"Sur place √† emporter ou livr√©. Beaucoup de choix de pizzas. Tous ceux que j'ai go√ªt√©s √©taient bons. La terrasse est agr√©able, on est servi rapidement et avec le sourire."
125,Super rapport qualit√© prix et accueil tr√®s agr√©able ! Je vous conseil vivement de vous y rendre !,Tr√®s bon rapport qualit√© prix et tr√®s bon accueil ! Je vous conseille vivement d'y aller !
126,Pizza excellente et bien garnie personnel tr√®s  agr√©able  je la recommande,Excellente pizza et bien achaland√© personnel tr√®s agr√©able je le recommande
127,Pizzeria accueillant service rapide a bon prix et g√©n√©reux si vous √™tes dans le coin je vous la recommande,Pizzeria accueillante service rapide √† bon prix et g√©n√©reux si vous √™tes dans le coin je vous le recommande
128,"C'est simple, chaque fin de semaine je me sers et je peux vous dire que les pizzas sont excellentes !","C'est simple, tous les week-ends je l'utilise et je peux vous dire que les pizzas sont excellentes !"
129,"C'est un d√©lice, vous trouverez sur place une large gamme de pizza. ü§ó","C'est un d√©lice, vous trouverez un large choix de pizzas sur place. ü§ó"
130,"Accueil convivial, pizzas bonnes et prix correct... Je recommande","Accueil sympathique, bonnes pizzas et prix corrects... Je recommande"
131,D√©licieux,D√©licieuse
132,Propre Bon.copieux. prix raisonnable. Accueil rapide et professionnel,Propre Bon.abondant. prix raisonnable. Accueil rapide et professionnel
133,Service rapide prix correct,Service rapide prix correct
134,"Restaurant tr√®s correct , l ambiance super, la patronne et les serveuses sont accueillantes et tr√®s sympathique  et les cuisiniers font de la bonne cuisine. Hamburger une tuerie avec que des produits frais.","Restaurant tr√®s correct, l'ambiance est g√©niale, le patron et les serveuses sont accueillants et tr√®s sympathiques et les cuisiniers cuisinent de bons plats. Hamburger une tuerie avec uniquement des produits frais."
135,Tres bien possible de manger rapidement le midi rien a redire √† part que peut-√™tre trop de choix de pizza ( client chiant ??üòÅ),"Tr√®s bien possible de manger rapidement le midi, rien √† redire si ce n'est que peut-√™tre trop de choix de pizza (client ennuyeux ??üòÅ)"
136,pizza d√©licieuse je recommande.,d√©licieuse pizza je recommande.
137,"Super accueil,  bon service et bonne nourriture.  Merci pour votre participation √† notre projet!","Super accueil, bon service et bonne cuisine. Merci pour votre participation √† notre projet !"
138,On y va et on y revient... Super,On y va et on revient... Super
139,Manger une pizza g√©n√©reuse ne fait pas tout. Nous n'avons pas aim√© du tout. La p√¢te √©tait insipide. R√¢p√© moyen . La sauce tomate est gu√®re mieux. Les olives vertes et noires coup√©es en morceaux ressemblent plus √† celles des bo√Ætes de conserves qu'√† celles du petit producteur de Nyons... 2 √©toiles pour l'accueil appr√©ciable et c'est tout.,Manger une pizza g√©n√©reuse n'est pas tout. Nous n'avons pas aim√© du tout. La p√¢te √©tait sans go√ªt. Moyen r√¢p√©. La sauce tomate n'est gu√®re meilleure. Les olives vertes et noires coup√©es en morceaux ressemblent plus √† celles des bo√Ætes qu'√† celles du petit producteur de Nyons... 2 √©toiles pour l'accueil appr√©ciable et c'est tout.
142,"J'ai d√©couvert cette pizz√©ria, avec mes parents, il y a tr√®s longtemps... Je suis arriv√©e sur Bourg √† l'√¢ge de 8 ans, j'en ai 30 aujourd'hui... √Ä l'√©poque ils se situaient en haut de l'avenue de Lyon et ne faisaient que des pizzas √† emporter... Nous avons tout de suite adh√©rer √† cette pizz√©ria! Que ce soit avant ou maintenant, personnel franchement agr√©able, souriant, qui discute particuli√®rement bien... Le propri√©taire a facilement chang√© 3 fois, √† chaque nouvelle √©quipe, jamais aucune d√©ception BIEN AU CONTRAIRE!!! Les pizzas sont d√©licieuses!!!! Un v√©ritable R√âGAL!!! Leur fa√ßon de les faire et la qualit√© de leurs ingr√©dients, c'est juste EXQUIS!!! Attente courte, service rapide ou correct si il y a du monde... Depuis que sa a de nouveau √©t√© refait, leur salle est conviviale et belle comme tout!","J'ai d√©couvert cette pizzeria, avec mes parents, il y a tr√®s longtemps... Je suis arriv√© √† Bourg √† l'√¢ge de 8 ans, j'en ai 30 aujourd'hui... A l'√©poque ils √©taient situ√©s en haut de l'avenue de Lyon et seuls fait des pizzas √† emporter... Nous avons tout de suite rejoint cette pizzeria ! Que ce soit avant ou maintenant, personnel franchement agr√©able, souriant, qui discute particuli√®rement bien... Le propri√©taire a facilement chang√© 3 fois, √† chaque nouvelle √©quipe, jamais de d√©ception BIEN AU CONTRAIRE !!! Les pizzas sont d√©licieuses !!!! Un vrai r√©gal!!! Leur fa√ßon de les fabriquer et la qualit√© de leurs ingr√©dients sont juste EXQUIS !!! Attente courte, service rapide ou correct s'il y a du monde... Depuis qu'elle a √©t√© refaite √† neuf, leur salle est conviviale et belle comme tout !"
143,D√©√ßue pizza insipides et de mauvaise qualit√© point positif pour le personnel.,Pizza d√©√ßue sans go√ªt et de mauvaise qualit√© point positif pour le personnel.
146,Oui.... TR√àS BONNE qualit√©  et service impeccable  !!!!!,Oui.... TRES BONNE qualit√© et service impeccable !!!!!
147,Tr√®s bon,Tr√®s bien
148,Pizza pas bonne... Tomate acide et pas de vraie mozzarella üëéüëéüëé,Pizza pas bonne. . . Tomate aigre et pas de vraie mozzarella üëéüëéüëé
153,G√©nial a fr√©quenter sans retenue,G√©nial √† fr√©quenter sans retenue
154,"Accueil et restaurant chaleureux, du choix sur la carte et en plus c'est d√©licieux !","Accueil et restaurant chaleureux, choix sur la carte et c'est d√©licieux !"
156,Pizzas franchement pas top mais tr√®s bon personnel.,Pizzas franchement pas top mais personnel tr√®s bien.
158,Toujours au top du top,Toujours au top
160,Un tr√®s grand choix de pizza et un accueil sympa .,Un tr√®s grand choix de pizzas et un accueil sympathique.
161,"Tr√®s  bon accueil,  m√™me √† 20 min de la fermeture. Tr√®s bonne pizzas.","Accueil tr√®s chaleureux, m√™me √† 20 minutes de la fermeture. Tr√®s bonnes pizzas."
162,"Pizza trop bonnes, cuistos g√©n√©reux sur la garniture , le personnel est top et le b√¢timent en lui m√™me est tr√®s sympa, √ßa fait resto, pour une pizzeria c'est plaisant , je recommande üôÉ","Trop bonne pizza, cuisiniers g√©n√©reux sur les garnitures, le personnel est super et le b√¢timent en lui m√™me est tr√®s sympa, c'est un restaurant, pour une pizzeria c'est agr√©able, je recommande üôÉ"
163,Tr√®s bonne pizzeria. Personnel serviable et souriant.,Tr√®s bonne pizzeria. Personnel serviable et souriant.
164,On y est toujours bien re√ßu et on y mange tr√®s bien,On y est toujours bien re√ßu et on y mange tr√®s bien.
166,Qualit√©/prix top !!!,Top qualit√©/prix!!!
170,Succulent,Succulent
172,"Tr√®s bon accueil , personnel agr√©able","Personnel tr√®s accueillant, agr√©able"
174,"De tr√®s bonne pizza, et accueil tr√®s convivial. Rien √† redire.",Pizzas tr√®s bonnes et accueil tr√®s sympathique. Aucune plainte.
175,Tres bien et agreable ++++,Tr√®s bon et agr√©able ++++
179,Bon accueil   tr√®s agr√©able serveuse sympa,Bon accueil tr√®s agr√©able gentille serveuse
182,Bonne accueil propre et les pizzas sont bonnes,Bon accueil propre et les pizzas sont bonnes
185,"si vous voulez manger une bonne pizza c'est LA bonne adresse a ne pas manquer!!! produits frais , pizza g√©n√©reuse avec une p√¢te excellente !!! large choix pour tous les go√ªts , de l'entr√©e au dessert avec toujours la m√™me formule qui me plait tant , fait maison avec des produits frais et de qualit√© !!! Tr√®s bon accueil , service impeccable , toujours avec le sourire !! cadre et d√©co tr√®s sympa ! un vrai moment de d√©tente !! merci a toute l'√©quipe, continuez comme √ßa c'est parfait !!!","si vous voulez manger une bonne pizza, c'est LE lieu √† ne pas manquer !!! produits frais, pizza g√©n√©reuse avec une excellente p√¢te !!! large choix pour tous les go√ªts, de l'entr√©e au dessert avec toujours la m√™me formule que j'aime tant, fait maison avec des produits frais et de qualit√© !!! Accueil tr√®s chaleureux, service impeccable, toujours avec le sourire !! Cadre et d√©co tr√®s sympa ! Un vrai moment de d√©tente !! merci √† toute l'√©quipe, continuez comme √ßa c'est parfait !!!"
187,"Toujours au Top ,Bravo a toutes l'√©quipe","Toujours au top, bravo √† toute l'√©quipe"
188,"Tr√®s bonne pizzeria, p√¢te d√©licieuse, garniture g√©n√©reuse et service correct","Tr√®s bonne pizzeria, p√¢te d√©licieuse, garniture g√©n√©reuse et service correct"
191,Tr√®s bon rapport qualit√© prix,Tr√®s bon rapport qualit√© prix
192,"Tr√®s bonnes pizzas et autres sp√©cialit√©s italiennes, cadre sympa, personnel aussi","Tr√®s bonnes pizzas et autres sp√©cialit√©s italiennes, cadre sympa, personnel aussi"
193,"PIZZA DES LYS = DELICE = PIZZAS DES GEUX = DEGEUE  Pizzas boursoufl√©es de grumeaux et coulantes √† flot. La garniture n‚Äôa pas le temps d‚Äôarriver √† votre bouche. Quant au go√ªt. Je n‚Äôen parle pas car il n‚Äôy en a pas. Fabrication authentique, une v√©ritable cha√Æne industrielle derri√®re le comptoir. Accueil chaleureux, levez la main pour signaler votre pr√©sence ! Sans oublier cette ch√®re dame dont la fonction premi√®re est de piailler dans vos oreilles. Rapport qualit√©/prix inf√©rieur √† z√©ro.","PIZZA DES LYS = D√âLICE = PIZZAS DES GEUX = D√âGOUTANTE Des pizzas gonfl√©es de grumeaux et qui coulent √† flot. Le remplissage n'a pas le temps d'atteindre votre bouche. Quant au go√ªt. Je n'en parle pas car il n'y en a pas. Fabrication authentique, une v√©ritable cha√Æne industrielle derri√®re le comptoir. Accueil chaleureux, levez la main pour signaler votre pr√©sence ! Sans oublier cette ch√®re dame dont la fonction premi√®re est de gazouiller dans vos oreilles. Rapport qualit√© prix en dessous de z√©ro."
195,Tres bonne pizza,Tr√®s bonnes pizzas
196,Service rapide et de qualit√© pour un petit budget.,Service rapide et de qualit√© pour un petit budget.
202,Tres agr√©able et bon,Tr√®s beau et bon
203,"Accueil agr√©able, bonne pizza","Bon accueil, bonnes pizzas"
204,Pizza tr√®s bonnes,Tr√®s bonnes pizzas
205,Quel plaisir de retrouver cet √©tablissement apr√®s ce covid ..H√©las service trop rapide et pas de lumi√®re en terrasse pour prendre du bon temps ..Sinon tr√®s bon plat.,Quel plaisir de retrouver cet √©tablissement apr√®s ce covid.. Malheureusement service trop rapide et pas de lumi√®re en terrasse pour passer un bon moment.. Sinon tr√®s bon plat.
207,Les serveurs et patrons sont super sympa l'attente pour que nos plats n'est pas longue et c'est bon,Les serveurs et les patrons sont super sympas l'attente de nos plats n'est pas longue et c'est bon
210,√áa vaut le coup de claquer son RSA pour manger l'une des meilleures pizzas du pays de l'Ain,√áa vaut le coup de claquer son RSA pour manger une des meilleures pizzas du pays de l'Ain
216,Pizza tres tres bonne rien a dire la dessus ! 3 etoiles par rapport au service a table on ce fait vite oublier... les tables pas forcement bien nettoyer et les jolies petit pot de sel et poivre bien collant... bon app√©tit bien sur !! ,"Pizzas tr√®s tr√®s bonnes, rien √† redire ! 3 √©toiles par rapport au service √† table, on oublie vite... les tables ne sont pas forc√©ment bien nettoy√©es et les jolis petits pots de sel et de poivre sont tr√®s collants... bon app√©tit bien s√ªr !!"
220,Pizzas tr√®s bonne,Tr√®s bonnes pizzas
221,Pizza tr√®s bonne et bien garnis,Pizza tr√®s bonne et bien garnie
222,Pizza bien fournie √† prix correct et bon,Pizza bien garnie √† un prix juste et bon
230,Pizzas d√©licieuses et tarifs abordables ! Je recommande !,De d√©licieuses pizzas et des prix abordables ! Je recommande !
232,Service agr√©able,Service agr√©able
235,Personnel tr√®s agr√©able et ingr√©dients de qualit√©,Personnel tr√®s agr√©able et ingr√©dients de qualit√©
239,Si je pouvais mettre 0 √©toile je le ferais j‚Äôai vomis toute la nuit √† cause de la pizza je deconseille fortement sauf si vous √™tes accro au fait de vomir et de vomir toute ses triples üòâ,Si je pouvais mettre 0 √©toiles je vomirais toute la nuit √† cause de la pizza que je d√©conseille fortement sauf si vous √™tes accro √† vomir et √† vomir tous ses triples üòâ
243,Pizza bonnes et a toutes heures gr√¢ce au distributeur,Bonne pizza √† toute heure merci au distributeur
244,"Elles √©taient beaucoup mieux avant, que s'est il pass√© ?!","Ils √©taient bien mieux avant, que s'est-il pass√© ?!"
246,Supers pizzas et lieu chaleureux,Super pizzas et endroit confortable
247,Excellente adresse pour l'amabilit√© du service et la qualit√© des pizzas,Excellente adresse pour la gentillesse du service et la qualit√© des pizzas
252,Pizzeria grandiose  comme leurs pizzas de 50 cm,Grande pizzeria comme leurs pizzas 50 cm
257,De bonnes pizzas  copieuses  et g√©n√©reuses  .des patrons simple et sympathique  du personnels  souriants  que demander  de plus,"Pizzas bonnes, copieuses et g√©n√©reuses. Patrons simples et sympathiques, personnel souriant, que demander de plus ?"
259,Bonnes pizzas. Un peu bruyant,Bonnes pizzas. un peu bruyant
265,"Pizza tr√®s fournis, ingr√©dients de bonnes qualit√©es.","Pizza tr√®s fournie, ingr√©dients de bonne qualit√©."
274,personnel gentil,personnel sympa
276,Bon accueil bon produit,Bienvenue bon produit
278,Demandez la salade Chlo√©...C'est un d√©lice !,Demandez la salade Chlo√©... c'est d√©licieux !
281,Sympa,Agr√©able
295,Qualit√© et accueil au rendez-vous,Qualit√© et accueil au rendez-vous
296,Un service impeccable !,Un service impeccable !
297,"Pizzeria industrielle Je n ai pas aim√© , cuisson b√¢cl√©e au four √©lectrique","Pizzeria industrielle je n'ai pas aim√©, cuisson b√¢cl√©e au four √©lectrique"
298,"Je suis arriv√©e √† 13h50,le restaurant ne servait plus.","Je suis arriv√© √† 13h50, le restaurant ne servait plus."
300,"Si je pourais mettre z√©ro, je le ferais je prend une pizza 50 cm de diam√®tre et on me donne une cr√™pe g√©ante qui n'avait pas de go√ªt merci !!!!","Si je pouvais mettre z√©ro, je prendrais une pizza de 50 cm de diam√®tre et ils me donneraient une cr√™pe g√©ante qui n'avait aucun go√ªt merci !!!!"
303,Incontestablement les rois de la üçï !,Incontestablement les rois du üçï !
308,Personnelle d√©sagr√©able !!!!!! Tu commande jambon on te donne champignon bref aucune organisation je d√©conseille vivement !!!!!,Personnel d√©sagr√©able !!!!!! Vous commandez du jambon on vous donne des champignons bref pas d'organisation je vous d√©conseille fortement !!!!!
309,Bon rapport qualit√© prix,Bon rapport qualit√© prix
316,Sympathique bonne pizza,Sympathique bonne pizza
326,Les pizzas s√®che nous avons appel√© pour leur signaler la question de la personne que j'ai eue au t√©l√©phone √† √©t√© mais pourquoi vous vous appelez si c'est pour un d√©dommagement ce n'est m√™me pas la peine d'y penser,"Les pizzas s√®ches que nous avons appel√©es pour leur faire savoir que la question de la personne que j'avais au t√©l√©phone √©tait mais pourquoi appelez-vous si c'est pour une compensation, cela ne vaut m√™me pas la peine d'y penser"
327,"Temps d'attente faisant honte au mot service, voir √©tant irrespectueux des clients, de surcroit ce d√©lai excessif √©tant du √† l'incapacit√© de refuser des commandes √† emporter au d√©triment des clients pr√©sents sur place qui patientent tr√®s, tr√®s, tr√®s longtemps.......","Temps d'attente g√™nant la parole service, voire irrespectueux des clients, en plus ce d√©lai excessif √©tant d√ª √† l'impossibilit√© de refuser les commandes √† emporter au d√©triment des clients pr√©sents sur place qui attendent tr√®s, tr√®s, tr√®s longtemps..... .."
331,pizza bonne et pas cher,pizzas bonnes et pas ch√®res
332,Toujours satisfaits !,Toujours satisfait !
336,Parfait !,Parfait !
340,"accueil froid pizzas sans saveurs, sans go√ªts mauvais rapport qualit√©/prix en plus, un cheveux sur ma pizza","accueil froid pizzas sans saveurs, sans gouts mauvais rapport qualit√© prix en plus, un poil sur ma pizza"
342,Super !,Super !
343,Belle pizza,Belle pizza
345,Excellent lieu,Excellent endroit
347,Exceptionnel,Exceptionnel
348,Pizza bonnes et copieuses,Pizzas bonnes et copieuses
355,excellent !!!,excellent !!!
359,Accueil tr√®s sympa. Pizza au top. Service rapide. J'y suis venu et j'y reviendrai.,Accueil tr√®s sympathique. Pizzas au top. Service rapide. J'y suis all√© et j'y retournerai.
360,Bon service et belle pizzeria pour rencontrer les locaux. Beaucoup de fromage sur la pizza.,Bon service et belle pizzeria pour rencontrer les locaux. Beaucoup de fromage sur la pizza.
361,Haut,Haute
362,"Qualit√© prix un excellent site. Pizzas de tr√®s bonne qualit√© et de bonne taille. Type italien.  Le service est plut√¥t bon, m√™me s'il est vrai que nous avons d√ª attendre un peu.  Fortement recommand√© si vous aimez les pizzas.","Qualit√© prix un excellent site. Pizzas de tr√®s bonne qualit√© et de bonne taille. Genre italien. Le service est plut√¥t bon, m√™me s'il est vrai qu'il a fallu patienter un peu. Fortement recommand√© si vous aimez la pizza."
363,Je n'avais jamais essay√© une telle pizza g√©ante. Cela vaut la peine de demander 50 cm. Je recommande le saumon et les 5 fromatges si vous aimez le fromage.,Je n'avais jamais essay√© une pizza aussi g√©ante. Cela vaut la peine de demander 50 cm. Je recommande le saumon et les 5 fromages si vous aimez le fromage.
364,Les nouilles pizza miaaaaam,Pizza nouilles miaaaam
365,Bon,Bon
366,Haut,Haute
367,Haut,Haute
